"","text"
"1","#PRESUPUESTO2020YA !!!"
"2","Por el Pueblo, para el más necesitado, para los derechos de un pueblo...

PRESUPUESTO YA! @AsambleaSV
@AsambleaSV

 #PRESUPUESTO2020YA https://t.co/YWWPTZEOS5"
"3","La DIÁSPORA apoyando a nuestra gente y al Presidente!!! <U+0001F1F8><U+0001F1FB><U+0001F499>
Exigimos que aprueben el presupuesto YA!! 
El Pueblo ya despertó y no nos van a parar ni callar!! 
<U+0001F1F8><U+0001F1FB><U+0001F44A><U+0001F3FB><U+0001F1F8><U+0001F1FB>

@ravelpak 
@AsambleaSV 
@rodolfo_parker
@norman_quijano 

#PRESUPUESTO2020YA

cc @nayibbukele https://t.co/92AycnXrQ1"
"4","La DIÁSPORA apoyando a nuestra gente y al Presidente!!! <U+0001F1F8><U+0001F1FB><U+0001F499>
Exigimos que aprueben el presupuesto YA!! 
El Pueblo ya despertó y no nos van a parar ni callar!! 
<U+0001F1F8><U+0001F1FB><U+0001F44A><U+0001F3FB><U+0001F1F8><U+0001F1FB>

@ravelpak 
@AsambleaSV 
@rodolfo_parker
@norman_quijano 

#PRESUPUESTO2020YA

cc @nayibbukele https://t.co/KoBNPP80JL"
"5","#PRESUPUESTO2020YA https://t.co/vZYWTGDzqZ"
"6","Así es Alma, hoy no quitaremos los dedos del teclado apoyando a #PRESUPUESTO2020YA @marioponcesv 
@AsambleaSV https://t.co/0FW41GJ9ve"
"7","#PRESUPUESTO2020YA 

@FMLNoficial @AsambleaSV @ARENAfraccion @ARENAOFICIAL @gpfmln 

O 

#87YA https://t.co/80MVdHE2zP"
"8","@marioponcesv @nayibbukele @PCN_Oficial Aprueben el 
#Presupuesto2020YA

También a los veteranos de guerra les niegan sus derechos del bienestar como pueblo que son. @gpfmln @FMLNoficial @ARENAfraccion @ARENAOFICIAL"
"9","@juanjmartel @nayibbukele @ARENAOFICIAL @FMLNoficial @AsambleaSV @9TVLegislativa Pues mas luego se tendrán que sacar de sus puestos para que otros que sí trabajen para el pueblo sea reemplazado. 

Aprueban el #presupuesto2020YA 

O 

#87YA"
"10","@MarceloLarin1 Excelente Marcelo acá pendiente de ustedes en YouTube y en Twitter, saludos desde Australia <U+0001F1E6><U+0001F1FA> apoyándolos con todo cariño por nuestra gente. <U+0001F44A><U+0001F3FC><U+0001F1F8><U+0001F1FB>

#PRESUPUESTO2020YA @ARENAOFICIAL @AsambleaSV @FMLNoficial"
"11","@Plazasparatodo1 @nayibbukele @ARENAfraccion @gpfmln @minsalud #PRESUPUESTO2020YA o 
#87YA"
"12","Ahí les hablan diputados de @ARENAfraccion @ARENAOFICIAL @gpfmln @FMLNoficial @AsambleaSV 

#PRESUPUESTO2020YA o

#87YA https://t.co/vxv8OnAUZl"
"13","No más excusas diputados. 

#PRESUPUESTO2020YA  <U+0001F44A><U+0001F3FC>

EL PUEBLO TIENE EL DERECHO A TODO SUS BENEFICIOS POR SUS IMPUESTOS YA PAGADOS<U+0001F4B0>!

@AsambleaSV @ravelpak @rodolfo_parker @norman_quijano @FMLNoficial @ARENAOFICIAL @ARENAfraccion @gpfmln https://t.co/w72GzkEyKf"
"14","@Bukelito @Pique1138 Excelente ya era tiempo esa no es la casa de los diputados es su oficina pero el pueblo les paga su sueldos! 

#PRESUPUESTO2020YA o 

#87YA"
"15","@tcsnoticias @nayibbukele @RaHerreras El pueblo no los dejará salir sí hoy no aprueban 
#PRESUPUESTO2020YA 

@ARENAOFICIAL @ARENAfraccion @FMLNoficial @gpfmln @rodolfo_parker @ravelpak @norman_quijano"
"16","@tcsnoticias @nayibbukele @IngridCA_TCS Excelente Unidos por nuestros hermanos y nuestra patria. 

#PRESUPUESTO2020YA <U+0001F44A><U+0001F3FC><U+0001F1F8><U+0001F1FB>"
"17","@70_CHALATE @Pique1138 @nayibbukele Claro que lo apoyamos yo también desde Australia <U+0001F1E6><U+0001F1FA> <U+0001F44A><U+0001F3FC>

#PRESUPUESTO2020YA o 

#87 

@AsambleaSV  @ARENAOFICIAL @FMLNoficial"
"18","@nayibbukele #PRESUPUESTO2020YA 

 @AsambleaSV @ARENAOFICIAL @FMLNoficial @emilio_coreaES @rodolfo_parker @ravelpak"
"19","@emilio_coreaES #PRESUPUESTO2020YA 

Es el Derecho del pueblo! 

O 

#87YA

@emilio_coreaES @AsambleaSV @ARENAfraccion @ARENAOFICIAL @gpfmln @FMLNoficial @rodolfo_parker @ravelpak @norman_quijano"
"20","@Almayluzyvida @marioponcesv Están encabronados los del FaMiLioN pero más encabronado verán al pueblo si no lo aprueban. 

#PRESUPUESTO2020YA"
"21","Quédate  con el que se te quede viendo con ojos de San Jaquiero 

#QuienPagaLosViajesDeNayib #QuienLePagoElViajeAOsiris #PRESUPUESTO2020YA #PresupuestoYA https://t.co/vLnyWKprwE"
"22","#Presupuesto2020Ya Dicen x'D https://t.co/JHK71fXWZ0"
"23","@PNCSV están con el pueblo o no ? #PRESUPUESTO2020YA https://t.co/htAZZlTok2"
"24","Nuestros heroes @JBustillo1 @waraujo64 @geovanigaleas1 ! #presupuesto2020YA https://t.co/KOJhmdjtA8"
"25","@AsambleaSV escuche al pueblo ya!!! #presupuesto2020YA https://t.co/w7N0rR8yLS"
"26","#PRESUPUESTO2020YA @MarceloLarin1 más gente así necesita El Salvador !!!... abran el portón @marioponcesv https://t.co/lnoP1terdh"
"27","Por que el bloqueo al pueblo? #PRESUPUESTO2020YA @AsambleaSV https://t.co/N9JTZyWOi7"
"28","#PRESUPUESTO2020YA @AsambleaSV @rodolfo_parker @norman_quijano"
"29","#PRESUPUESTO2020YA https://t.co/zHkShwiVVb"
"30","#PRESUPUESTO2020YA @ravelpak"
"31","#PRESUPUESTO2020YA @AsambleaSV por que el bloqueo al pueblo? https://t.co/UmzCTwOMG9"
"32","#PRESUPUESTO2020YA  @marioponcesv"
"33","<U+261D><U+FE0F><U+0001F60F> pss, pss... #PRESUPUESTO2020YA #Asamblea https://t.co/OhNy1JAxmB"
"34","Estimado @marioponcesv ... el pueblo aprecia el esfuerzo q haces apoyando el #PRESUPUESTO2020YA , el #PlanControlTerritorial y el voto electrónico en el exterior. Este es un proyecto de nación y del presidente @nayibbukele 

Para los q apoyan al pueblo en la @AsambleaSV   <U+0001F1F8><U+0001F1FB><U+0001F44D><U+0001F1F8><U+0001F1FB> https://t.co/CGeTwBwKf5"
"35","@RodolfoM_10 @DinaArguetasv  se les recuerda que ustedes trabajan para y por el Pueblo, su sueldo sale de los impuestos del pueblo, no son empleados del @FMLNoficial su voto TIENE que estar a favor del pueblo #PresupuestoYA #PRESUPUESTO2020YA"
"36","@AsambleaSV  por todas las familias que piensan que no hay más opciones que emigrar, por todo los jóvenes sin esperanza de un mejor futuro, por cada salvadoreño honrado y trabajador se necesita la aprobación del #Presupuesto2020Ya #PresupuestoYa"
"37","@AsambleaSV @marioponcesv  dicen que es la casa del pueblo, reciban al pueblo. #PRESUPUESTO2020YA"
"38","@AsambleaSV @marioponcesv @ARENAOFICIAL @FMLNoficial @PDC_OFICIAL  Escuchen al pueblo y obedezcan se les exige la aprobación del #PRESUPUESTO2020YA #PresupuestoYa"
"39","@norman_quijano @rodolfo_parker @ravelpak @Nidia_FMLN @AsambleaSV  #PRESUPUESTO2020YA #PresuuestoYa"
"40","La diáspora desde California exije:@AsambleaSV 
#PRESUPUESTO2020YA https://t.co/Th4SHec19t"
"41","#PRESUPUESTO2020YA
#PRESUPUESTO2020YA
#PRESUPUESTO2020YA
@ARENAOFICIAL @FMLNoficial"
"42","#PRESUPUESTO2020YA
@FMLNoficial @ARENAOFICIAL
Les guste o no, este día se aprueba el presupuesto del 2020"
"43","#PRESUPUESTO2020YA https://t.co/xLo33Ya6Vr"
"44","@marioponcesv abra el portón!!
#PRESUPUESTO2020YA https://t.co/drTmxkMitd"
"45","#PRESUPUESTO2020YA https://t.co/fUPAd7USDe"
"46","#PRESUPUESTO2020YA

@marioponcesv abran el portón!! https://t.co/xxHffx3GNq"
"47","#PRESUPUESTO2020YA
#PRESUPUESTO2020YA
#PRESUPUESTO2020YA
#PRESUPUESTO2020YA
#PRESUPUESTO2020YA
@ARENAOFICIAL @FMLNoficial @AsambleaSV"
"48","#PRESUPUESTO2020YA
#PRESUPUESTO2020YA
#PRESUPUESTO2020YA
#PRESUPUESTO2020YA
#PRESUPUESTO2020YA
#PRESUPUESTO2020YA
#PRESUPUESTO2020YA
#PRESUPUESTO2020YA
#PRESUPUESTO2020YA
#PRESUPUESTO2020YA
#PRESUPUESTO2020YA
#PRESUPUESTO2020YA
@ARENAOFICIAL @FMLNoficial @AsambleaSV"
"49","@AsambleaSV #PRESUPUESTO2020YA #PRESUPUESTO2020YA
#PRESUPUESTO2020YA
#PRESUPUESTO2020YA
#PRESUPUESTO2020YA
#PRESUPUESTO2020YA #PRESUPUESTO2020YA"
"50","@decisionsv @waraujo64 @AsambleaSV #Presupuesto2020YA"
"51","@Lazmen2U @AsambleaSV @ARENAfraccion @gpfmln @PDC_OFICIAL @PCN_Oficial @GANAOFICIAL @CD_ESA @LeonardoBonia #PRESUPUESTO2020YA 
#PRESUPUESTO2020YA"
"52","#PRESUPUESTO2020YA https://t.co/FVBv2pfAnl"
"53","@romeoauerbach @waraujo64 #PRESUPUESTO2020YA mantengámonos firmes y que los mismos de siempre se den cuenta que el pueblo ya despertó!!!"
"54","#ElSalvador #DiputadosTraidores
#PRESUPUESTO2020YA 
#PRESUPUESTO2020YA 
@waraujo64  @nayibbukele https://t.co/VQKltlxjqH"
"55","Sr. <U+0001F1F8><U+0001F1FB> @waraujo64 gracias por estar junto al pueblo y cada vez más reivindicándose

#PoderPopular #PRESUPUESTO2020YA #ElSalvador"
"56","@LaHuellaSV @cggloba14989810 @AsambleaSV @marioponcesv #PRESUPUESTO2020YA"
"57","@FMLNoficial Alerta #PRESUPUESTO2020YA <U+0001F60E>"
"58","@AsambleaSV #PRESUPUESTO2020YA"
"59","#PresupuestoYA
#PresupuestoYA
#PRESUPUESTO2020YA https://t.co/UMKQwOtQhM"
"60","@waraujo64 @LeonardoBonia @LeonardoBonia @AsambleaSV ¿como te puedes oponer al clamor del pueblo? Sabemos que el presupuesto ha sido bien preparado. Te creíamos más sensato. #PRESUPUESTO2020YA"
"61","@Varela9765 @70_CHALATE @nayibbukele @AsambleaSV #PRESUPUESTO2020YA"
"62","@emilio_coreaES @PortilloCuadra @CiudadanaLupa @ARENAfraccion @ARENAOFICIAL @Kalehm @Tita_Batres @Conocimiente @Guardianidioma @luisportillosv @TecoloteL @ElAtlasSv @OBarreraJ @Soniama37462471 @CorazonInox @rcasteiianos #PRESUPUESTO2020YA"
"63","@chuchocerotes @VioletaBentez2 @AsambleaSV #PRESUPUESTO2020YA"
"64","@Yanci_Urbina @gpfmln Apruébenlo Sra. entiendan que el pueblo lo necesita y es el que ha puesto a NB . #presupuesto2020 , #PRESUPUESTO2020YA"
"65","Aquí desde l
Los Angeles CA apoyando la concentración. Por favor pueblo Salvadoreño hágase presente #PRESUPUESTO2020YA https://t.co/5o7PBitKyz"
"66","@waraujo64 @LeonardoBonia Que nos fijemos todos hasta yo me he fijado la gran excusa que ponen estas ratas diciendo que ""no entienden"" el presupuesto puia vergüenza les debería de dar como claro ellos no tendrán su tajada por eso es #PRESUPUESTO2020YA"
"67","#PRESUPUESTO2020YA 
#PRESUPUESTO2020YA

Se tiene que aprobar ahora!!!!! https://t.co/cpxvP61wOS"
"68","#PRESUPUESTO2020YA 
#PRESUPUESTO2020YA 
#PRESUPUESTO2020YA 

Atiendan a su jefe ( El Pueblo)<U+0001F44A> https://t.co/7tH0LL7yuI"
"69","Casualmente los diputados que más se oponen a aprobar el #Presupuesto2020Ya, son los que llevan más de 10 años en la asamblea.

Su comportamiento altivo y caprichoso los ha condenado, van a perder las elecciones en 2021; es inevitable."
"70","Que está pasando!

<U+0001F914> #PRESUPUESTO2020YA https://t.co/D6Utqw784s"
"71","Si los DIPUTADOS HAN CERRADO LOS PORTONES ! 

No los DEJEN SALIR DE AHÍ NO PERMITAN Q SALGAN ! Hasta q aprueben el presupuesto! 

Ya se acabó esa arrogancia, el PUEBLO MANDA Y TIENEN QUE ENTENDERLO! 

NO LOS DEJAREMOS AVANZAR! 

PRESIONEN, PRESIONEN !!! 

#PRESUPUESTO2020YA"
"72","Esa puerta se tiene que abrir 

Esa casa es del pueblo !! 

#PRESUPUESTO2020YA https://t.co/UCkgBZGKNF"
"73","Somos el pueblo, exigiendo #PRESUPUESTO2020YA https://t.co/Coe732LHbg"
"74","#PRESUPUESTO2020YA https://t.co/FfhX4jAnRY"
"75","#PRESUPUESTO2020YA https://t.co/CEEOGIHHmp"
"76","@FMLNoficial son unos mal  nacidos porque se empeñan de entorpecer el buen trabajo de el gobierno. Porqué mejorar no tratan de ser una oposición de altura pero sin dañar al pueblo.#PRESUPUESTO2020YA https://t.co/vsa6TwdDeD"
"77","Diputados de la @AsambleaSV, aprueben el #PRESUPUESTO2020YA 

¡No hay excusas para NO aprobar! El beneficio no es para el Gobierno, es para el pueblo. https://t.co/IrPC3m3mNH"
"78","La voz del pueblo!
#PRESUPUESTO2020YA https://t.co/EAKo5afL1E"
"79","Clave ‘Tardarse 70 dias’ si habían irregularidades se debió haber enmendado antes. Se les acabó el tiempo. Si en mi trabajo me tardo 70 dias en cumplir mis obligaciones, qué cree q pasaría? #PRESUPUESTO2020YA https://t.co/zETSvyW0br"
"80","@porttada @AsambleaSV Señores sean hombres que juramentaron para el pueblo hagan el trabajo y aprueben #PRESUPUESTO2020YA
La nacion pide resultados positivos"
"81","@JorgeSchafik le aconsejo que primero mire las cosas que hacen, las contradicciones que crean y la corrupción galopante que ocultaron.

Dejen de obstruir al país, aprueben el Presupuesto Ya.

#Aprueben #PRESUPUESTO2020YA https://t.co/OKtGz76xjy"
"82","@LPGPolitica @gpfmln @HaciendaSV E incluyamos a @Nidia_FMLN 

Señores del FMLN: se les ha invitado a las comisiones para ver el presupuesto pero uds, al igual que su hermano mayor, @ARENAOFICIAL, han decidido no asistir y hacer una auto-exclusión.

Sean serios y actúen como adultos, aprueben #PRESUPUESTO2020YA"
"83","@rodolfoparker @HaciendaSV Tambien va para uds @ARENAOFICIAL @FMLNoficial (decir que tiene vicios de ley y le convierte en fraude de ley: la vieja confiable) @GANAOFICIAL @PDC_OFICIAL @PCN_Oficial @juanjmartel @LeonardoBonia 

#PRESUPUESTO2020YA"
"84","@ARENAOFICIAL @FMLNoficial @PCN_Oficial @PDC_OFICIAL @CD_ESA @LeonardoBonia 

#PRESUPUESTO2020YA https://t.co/mHfR9p8IEJ"
"85","@JorgeSchafik se le recuerda que acá su patrón es el pueblo y no una simple cupula partidaria. #PRESUPUESTO2020YA https://t.co/NwySsUIV4y"
"86","@LPGPolitica @gpfmln @HaciendaSV @LPGPolitica haciendo su parte en el boicot contra El Salvador y el gobierno de @nayibbukele, ni una sola nota sobre la manifestación ciudadana fuera de la @AsambleaSV.

Así los medios desestabilizadores invisibilizan al pueblo.

#PRESUPUESTO2020YA #PeriódicosPaguenImpuestosYa"
"87","#PRESUPUESTO2020YA¡PRESUPUESTO Y 87! https://t.co/jq00uvWLYE"
"88","ET¡PRESUPUESTO YA!

Hoy se tiene que aprobar el primer presupuesto del Gobierno de @nayibbukele
#PRESUPUESTO2020YA <U+0001F1F8><U+0001F1FB><U+0001F44A> https://t.co/OfdpCKnpvx"
"89","La @AsambleaSV le está negando la entra al pueblo salvadoreños el derecho a manifestarse pacíficamente.

Se hace un llamados a todos los q aún NO llegan ÚNANSE, solo el PUEBLO cuida al PUEBLO #PRESUPUESTO2020YA 

Compartan esta información, la @AsambleaSV bloqueo el acceso<U+0001F447><U+0001F3FB> https://t.co/CNXiwV4kCO"
"90","#PRESUPUESTO2020YA<U+26A0><U+FE0F>$ La diáspora dice presente <U+26A0><U+FE0F>
y atraves de @cinco_zavala envió una cantidad en efectivo para 250 almuerzos que seran repartidos hoy para esperar en @AsambleaSV la aprobación del presupuesto 2020
¡GRACIAS! https://t.co/MNNh1tpDE8"
"91","#PRESUPUESTO2020YAEL CLAMOR DEL PUEBLO.

#PRESUPUESTO2020YA 

 https://t.co/kp3ZISZjms"
"92","#PRESUPUESTO2020YA
Tremendo mensaje en está  pancarta. https://t.co/hLs17PyFeg"
"93","Dios mío, como es posible que esta gente se tome descansos cuando hay temas tan importantes, Aprueben el #PRESUPUESTO2020YA no sean haraganes https://t.co/wiDdYqS15V https://t.co/l3CCRoDiqD"
"94","Así está a las afueras de la @AsambleaSV.

No quieren dejar entrar a nadie.
#PRESUPUESTO2020YA https://t.co/SWXqdprjqu"
"95","@gore_full #presupuesto2020ya"
"96","@Eduardo64653924 que bello ver al pueblo juntos exigiendo lo que el pais necesita vamos si se puede #presupuesto2020ya @AsambleaSV"
"97","@AsambleaSV #presupuesto2020ya"
"98","@DrPeperecho @VeritoEsme_NI ya hay que darle matacan ese maldito escoria d ela madre patria a ese serote no le importa le Pueblo porque nos debe importar esa basura fuera ya #87ya #presupuesto2020ya"
"99","@waraujo64 @AsambleaSV cual es el miedo pues diputados abran las puertas ratas se sienten acorralados en su nido vamos pueblo salvadoreño apoyar #presupuesto2020ya"
"100","@waraujo64 @MarceloLarin1 @AsambleaSV @YouTube vamos pueblo si se puede #presupuesto2020ya @AsambleaSV"
"101","@emilio_coreaES asi grandicimo pendejo pero los bonos si se los aprueban ahi no hay deuda #presupuesto2020ya los Arenazis y frentudos nos metieron en esa deuda y ahora que el pueblo quiere usar bien el dinero dice que no mas dueda come <U+0001F4A9><U+0001F4A9> maldito aragan bueno para nada"
"102","excelente Don Giovanni estamos con usted y el pueblo #presupuesto2020ya @AsambleaSV https://t.co/sClSwohnsO"
"103","@VeritoEsme_NI @ravelpak hdlp malnacido ese pendejete orejas de conacaste va pa fuera @ravelpak puta tanto que llora el maldito y mira lo que llega hacer #presupuesto2020ya @AsambleaSV fuera ratas"
"104","@JoseNavarroSV @nayibbukele maldito ladron una patada el culo hay que darle a esta rata para sacarlo d ela asamblea ya basta de tanto descaro de estos malditos #presupuesto2020ya"
"105","@geovanigaleas1 @LaFiscalSV @sandracanales82 #PRESUPUESTO2020YA para saber #QuienPagoElViajeDeOsiris"
"106","Señora ya siéntese le va a dar algo.
#PRESUPUESTO2020YA https://t.co/hxw2MePtH1"
"107","En la @AsambleaSV es donde están los meros meros que aman el país y creen 100% en esta lucha.

Mis respetos y admiración para todos ellos, les agradezco por compartir fotos y videos <U+0001F498><U+0001F498><U+0001F498><U+0001F1F8><U+0001F1FB><U+0001F1F8><U+0001F1FB><U+0001F1F8><U+0001F1FB><U+0001F64F><U+0001F64F><U+0001F64F><U+0001F64F><U+0001F64F>
Dios bendiga mi amado país y a mi pueblo <U+0001F4AA><U+0001F4AA>

#PRESUPUESTO2020YA"
"108","Yo apoyo el #PRESUPUESTO2020YA

Presidente estamos con usted <U+0001F64F><U+0001F1F8><U+0001F1FB>
@AsambleaSV https://t.co/fPbym4xq6R"
"109","Presidente de la @AsambleaSV Lic @marioponcesv demuestre que esta a favor del pueblo salvadoreño, permita el acceso a nuestra gente abran el segundo porton, es nuestro derecho constitucional.

¿Vamos que espera ? 
#Presupuesto2020YA https://t.co/bWXqzoMSTo"
"110","@romeoauerbach Que envidia, pero de la buena<U+0001F600> #Presupuesto2020Ya 
#Presupuesto2020Ya"
"111","Es Momento del Poder Popular

#Presupuesto2020Ya https://t.co/FQ8C12mXjG"
"112","#PRESUPUESTO2020YA https://t.co/cMXozva6fp"
"113","#PRESUPUESTO2020YA 

Compartan el Hastack!!!!!!!! https://t.co/UTFiw86Odu"
"114","La Historia y el Pueblo Salvadoreño  no Olvidara esta Traición del FMLN 

#Presupuesto2020Ya https://t.co/yplLw1LKhn"
"115","#PRESUPUESTO2020YA https://t.co/whiGwF3wHG"
"116","#Presupuesto2020Ya https://t.co/4WNJCewwgL"
"117","#Presupuesto2020Ya https://t.co/xFvufPxE0B"
"118","@JoseNavarroSV @nayibbukele Ladrones ,delincuentes ,vividores ambiciosos #PRESUPUESTO2020YA"
"119","#NoALos22MillonesDePublicidad...
#PRESUPUESTO2020YA"
"120","@fulloa51 @AsambleaSV @nayibbukele Por  favor vice presidente @fulloa51  ayude al pueblo que sea escuchado en la asamblea,  no pueden estar bloqueando la entrada a https://t.co/Xh6e5Nc4l3 del pueblo @AsambleaSV  #PRESUPUESTO2020YA"
"121","@AlexisJuarezSV @waraujo64 @LaPagina #PRESUPUESTO2020YA https://t.co/Sf8tMbzGPI"
"122","TRAIDORES!!!
#Presupuesto2020YA https://t.co/QukEKrA5O4"
"123","#PRESUPUESTO2020YA El pueblo se los ordena https://t.co/jp90KgDpHh"
"124","Son una vergüenza semejantes, Corruptos y TRAIDORES!!!#NoJodan
#PRESUPUESTO2020YA https://t.co/jEFMV5iFBZ"
"125","Solidaridad de la diaspora, así es<U+0001F44F><U+0001F44F>
#PRESUPUESTO2020YA 
#NoNosmoveran https://t.co/KFn2pq75KT"
"126","Estamos con ustedes!!!Si se puede..
#PRESUPUESTO2020YA ,#NoNosmoveran https://t.co/JXk6mv4afr"
"127","El Jefe Pueblo entrando..
#PRESUPUESTO2020YA #EstamosconUstedes https://t.co/xW4esLuOMQ"
"128","#PRESUPUESTO2020YA https://t.co/o6hucBYmiP"
"129","@VeritoEsme_NI @FMLNoficial @FMLNoficial dándose una importancia muy lejos de tenerla ,solo firmen y ya 
#PRESUPUESTO2020YA"
"130","@pinedaboris @waraujo64 @nayibbukele No joda don @pinedaboris! Cuando leí 40 días para 40 años, casi me da el patatús!Como es eso que yo estuviera más vetarra que usted <U+0001F640>. Pero son 40 años de no manifestarse <U+0001F644><U+0001F44F>
Adelante con bastón y todo a darles por donde les caiga para hacerlos entender #Presupuesto2020Ya"
"131","@geovanigaleas1 @waraujo64 @romeoauerbach  están con el pueblo. Para cuando los de la @AsambleaSV ? Le han cerrado la puerta a sus patrones, cuando entenderán que queremos #presupuesto2020ya 
#presupuesto2020ya #presupuesto2020ya #presupuesto2020ya #presupuesto2020ya https://t.co/4HfvGVeGqH"
"132","Vayan a darle verga a los diputados! #presupuesto2020ya https://t.co/XkHcVcw3WN"
"133","La Diáspora apoyando al Presidente @nayibbukele 
#Presupuesto2020YA
<U+0001F44A><U+0001F3FB><U+0001F44A><U+0001F3FB><U+0001F1F8><U+0001F1FB><U+0001F1F8><U+0001F1FB> https://t.co/VjabmQJaA4"
"134","<U+0001F1F8><U+0001F1FB><U+0001F44A><U+0001F3FB><U+0001F1F8><U+0001F1FB><U+0001F499><U+0001F499>
#PRESUPUESTO2020YA https://t.co/MQqgKQlych"
"135","#Presupuesto2020Ya
<U+0001F1F8><U+0001F1FB><U+0001F44A><U+0001F3FB><U+0001F1F8><U+0001F1FB> https://t.co/NBusksIhsW"
"136","<U+0001F1F8><U+0001F1FB><U+0001F44A><U+0001F3FB><U+0001F1F8><U+0001F1FB>
#PRESUPUESTO2020YA https://t.co/MvgtoINDu2"
"137","<U+0001F44A><U+0001F3FB><U+0001F4A5><U+0001F1F8><U+0001F1FB><U+0001F44A><U+0001F3FB> #DIASPORA 
#PRESUPUESTO2020YA https://t.co/OaR7NEWdAn"
"138","@AsambleaSV @marioponcesv
<U+2714><U+FE0F> SALARIO
<U+2714><U+FE0F>AGUINALDO
<U+2714><U+FE0F>BONO NAVIDEÑO 

¡EL PUEBLO EXIGIMOS NUESTRO #PRESUPUESTO2020YA !
@nayibbukele https://t.co/D06TKaPAHB https://t.co/EKvbV4yhMi"
"139","El poder soberano reside en el pueblo. #Diaspora<U+0001F44A><U+0001F3FB><U+0001F1F8><U+0001F1FB>

De camino a la @AsambleaSV 
#PRESUPUESTO2020YA 
@nayibbukele https://t.co/rzVg4veCob"
"140","@OscarMachon @emilio_coreaES @marioponcesv @AsambleaSV @ElMundoSV No pues WOW... 
#PRESUPUESTO2020YA"
"141","@Tita_Batres @ARENAfraccion #PRESUPUESTO2020YA"
"142","Dios mío, como es posible que esta gente se tome descansos cuando hay temas tan importantes, Aprueben el #PRESUPUESTO2020YA no sean haraganes https://t.co/ravKAXswFa"
"143","Los diputados deben aprobar el #Presupuesto2020Ya el pueblo es el jefe no las cúpulas de ARENA y el FMLN, #AprietenElBotón https://t.co/rxILXFgnfB"
"144","#Presupuesto2020YA https://t.co/oHE0s2hs9f"
"145","#PRESUPUESTO2020YA https://t.co/DGpl8Iviku"
"146","No nos pueden negar el derecho a disfrutar de una vida sin violencia, con seguridad. El gobierno de @nayibbukele ha reducido los homicidios. #AprietenElBotón y aprueben el #Presupuesto2020Ya https://t.co/k6IPwQLedm"
"147","@elsalvadorcom @AsambleaSV Esto es inaceptable y así se atreven a cobrar bonos y agüinaldos. Son unos corruptos Dejen de jugar y aprueben el #PRESUPUESTO2020YA"
"148","Tuvieron el #Presupuesto2020 por 2 meses, la gente está asqueada de ustedes diputados. Aprueben el #Presupuesto2020Ya https://t.co/CaHB3Z62JS"
"149","Para el pueblo nada es imposible, los diputados deben aprobar el #Presupuesto2020YA, es un suicidio político no escucharnos. Diputados, sirvan al pueblo y #AprietenElBotón https://t.co/zXL1LTwrzk"
"150","@jam_manza @AsambleaSV @nayibbukele @bukele @sociedadcivilsv @EdwinRSV @WalterAleman8 @waraujo64 @NuevasIdeasSV Aleluya nuestra pueblo es grande bendiciones a presionar a esos impresentables #PRESUPUESTO2020YA"
"151","#PRESUPUESTO2020YA"
"152","Diputados de la @AsambleaSV retomó la frase que puso una persona en uno de los carteles.
""EL PUEBLO LES DIO EL PODER Y EL PUEBLO SE LOS PUEDE QUITAR""
#PRESUPUESTO2020YA
#87YA"
"153","@emilio_coreaES No al bono de los diputados.
Aprueben el #PRESUPUESTO2020YA"
"154","#Presupuesto2020 
#PRESUPUESTO2020YA 
#PresupuestoYA https://t.co/4teENvUxNn"
"155","@AsambleaSV #PRESUPUESTO2020YA https://t.co/Yp4rlJyILS"
"156","#PRESUPUESTO2020YA @AsambleaSV https://t.co/KEQYgRGDju"
"157","Empezamos este día junto al pueblo salvadoreño que se hizo presente a exigir se apruebe el #PRESUPUESTO2020YA y mis colegas de fracción @SoniaLopezGANA @LourdesVigilAlt @GGallegos24 
@GANAOFICIAL estamos listos para votar! https://t.co/L80aAr5HEf"
"158","¡¡Haraganes!! Pónganse a trabajar y #AprietenElBoton #Presupuesto2020Ya https://t.co/YiNhOfwcLd"
"159","@Mrelegantesv <U+0001F923><U+0001F602><U+0001F923><U+0001F602><U+0001F60E><U+0001F64F><U+0001F3FB>#PRESUPUESTO2020YA"
"160","@gore_full Que todo sea al favor del pueblo #PRESUPUESTO2020YA <U+0001F1F8><U+0001F1FB><U+0001F64F>"
"161","No solo está en juego #PlazaParaTodos. Es el presupuesto de toda la nación tíos joderr que no es cualquier cosa. #PRESUPUESTO2020YA"
"162","Si se aprueba hoy. Celebraremos en el almuerzo con los panas.
#PRESUPUESTO2020YA"
"163","@emilio_coreaES No al bono de las ratas #PRESUPUESTO2020YA"
"164","#PRESUPUESTO2020YA @AsambleaSV"
"165","Pendiente del Canal Legislativo, asi de atentos estamos a los movimientos de los diputados, cuidadito con seguir el bloqueo al #Presupuesto2020 #PRESUPUESTO2020YA"
"166","#PRESUPUESTO2020YA https://t.co/aok93KXbU1"
"167","#PRESUPUESTO2020YA https://t.co/FIaPqUDg65"
"168","#Presupuesto2020YA https://t.co/laQhiAELFU"
"169","#PRESUPUESTO2020YA #PresupuestoYA MALDITAS RATAS de la DESHONORABLE @AsambleaSV https://t.co/YLGvIdKrOi"
"170","@marioponcesv @nayibbukele Sí verdaderamente está con el pueblo debería de salir y frutales #PRESUPUESTO2020YA"
"171","@juanjmartel @AsambleaSV @ARENAOFICIAL Aparentemente es lo único que le hace falta al #PRESUPUESTO2020YA, el pedazo de queso para las RATAS del @ARENAOFIClAL y @gpfmln es lo único que siempre les ha IMPORTADO a esos malditos."
"172","#PRESUPUESTO2020YA https://t.co/pmNW5kJRsa"
"173","Esos se hartan todo y piden recortes a la seguridad, salud y educación del pueblo. No lo vamos a permitir ¡Exigimos la aprobación del #PRESUPUESTO2020YA!!

 @RevistaRectum @AnonimoSV503 @chinchontepec22 @Mrelegantesv @waraujo64  @_ElUta @Bukelito @LittleCandySV @ThemaskSV https://t.co/UA8Q9k8TQL"
"174","#PresupuestoYA #Presupuesto2020YA https://t.co/dTo6m5z8oc"
"175","Que esperan los diputados de la @AsambleaSV? A qué se les acumule más gente en los portones? #Presupuesto2020Ya"
"176","@heriberto_escob @AnabelBelloso @PNCSV @EmisarioJ @focostv @TVESsv @elnoticiero_6 @noticierostvm @tcsnoticias @NoticieroHechos @FunesCartagena Ya no son gobierno, dejen de estorbar al pueblo salvadoreño!
#PRESUPUESTO2020YA"
"177","@Meganoticias19 @AsambleaSV @sliptone @LuisamayoaTV @FGR_SV @OsirisLunaMeza @rodolfo_parker #PRESUPUESTO2020YA"
"178","Todo un patriota representante del pueblo. <U+0001F1F8><U+0001F1FB>
@waraujo64 
#PRESUPUESTO2020YA https://t.co/YDNvRZkjsc"
"179","#PRESUPUESTO2020YA <U+0001F1F8><U+0001F1FB> https://t.co/rKbdZmoNeY"
"180","@AsambleaSV #PRESUPUESTO2020YA 
No los vamos a dejar salir de su madriguera @ARENAfraccion @FMLNoficial"
"181","@AsambleaSV Aprueben el #PRESUPUESTO2020YA 

Tengan por seguro que si no lo hacen hoy no se van para sus casas inútiles diputados!"
"182","Diputados, no se les esta pidiendo nada extraordinario, solo que ¡HAGAN SU TRABAJO! #PRESUPUESTO2020YA https://t.co/2kPwiRy6yh"
"183","#PRESUPUESTO2020YA https://t.co/OS1Jj1NGZm"
"184","@MilenaMayorga Malditos diputados sucios areneros. Devuelvan lo robado asquerosos. Aquí les está hablando MILENA. #PRESUPUESTO2020YA"
"185","@waraujo64 @AsambleaSV @ravelpak #PRESUPUESTO2020YA"
"186","@waraujo64 @ARENAOFICIAL @FMLNoficial @AsambleaSV TRABAJEN POR EL PUEBLO SALVADOREÑO ARENEROS Y EFEMELENISTAS. #PRESUPUESTO2020YA"
"187","@Meganoticias19 @AsambleaSV @sliptone @LuisamayoaTV @FGR_SV @OsirisLunaMeza @rodolfo_parker Trabajen mareros de la asamblea. Sepan que ya no le dan paja al pueblo. Corruptos asquerosos ARENA Y FRENTE. Devuelvan lo robado. Trabajen mejor huevones. #PRESUPUESTO2020YA"
"188","@jam_manza @nayibbukele #PRESUPUESTO2020YA"
"189","@waraujo64 Abran la puerta corruptos areneros y efemelenistas. #presupuesto2020Ya"
"190","@waraujo64 @AsambleaSV @ravelpak #PRESUPUESTO2020YA YA ES TIEMPO DE TRABAJAR POR EL PUEBLO VELÁSQUEZ PARKER. https://t.co/o0MBgoyxT4"
"191","Diaspora hoy en señal de protesta que todos sus mensajes sea dirigidos a la Asamblea Legislativas, arrobelos en cada uno de sus tuits. Apoyemos #PRESUPUESTO2020YA"
"192","Hoy no quitare mis dedos del teclado apoyando a #PRESUPUESTO2020YA @marioponcesv https://t.co/K4NvNuLfNg"
"193","Y sus patrones afuera exigiéndoles que cumplan #presupuesto2020Ya https://t.co/2cMTzDTS4b"
"194","Y siguen los Salvadoreños esperando por los Diputados , la gente de a pie , gente que ha perdido un día de trabajo y se ha expuesto , los de abajo van por los de arriba ! Y  ya la marcha se acerca a la @AsambleaSV ,Diputados atiendan a la gente !
#Presupuesto2020Ya @nayibbukele https://t.co/KBG5volQ79"
"195","<U+203C><U+FE0F>ayuda  @fulloa51 <U+203C><U+FE0F> es una marcha pacífica y necesitan ser escuchados #CualEsElMiedo #PRESUPUESTO2020YA https://t.co/rZk4zFOUnN"
"196","@jam_manza @nayibbukele #Presupuesto2020Ya"
"197","@RonRonSv @AsambleaSV @marioponcesv #CualEsElMiedo #PRESUPUESTO2020YA https://t.co/Zq2fx7DjZE"
"198","Que nos demuestren los Diputados de que lado están ! El pueblo merece una respuesta  #Presupuesto2020Ya  #CualEsElMiedo https://t.co/XvqFq5vbTW"
"199","#CualEsElMiedo #PRESUPUESTO2020YA @AsambleaSV @nayibbukele  no más excusas <U+203C><U+FE0F><U+203C><U+FE0F><U+203C><U+FE0F> https://t.co/1IYF0wQ8rD"
"200","No hay excusas para no aprobar el presupuesto, el pueblo ya se canso , se están suicidado políticamente ,el pueblo les dio poder y así mismo se los quitará #PRESUPUESTO2020YA #CualEsElMiedo @nayibbukele @AsambleaSV https://t.co/teuUUbWZnK"
"201","#PRESUPUESTO2020YA https://t.co/4zrgb4NkPE"
"202","#PRESUPUESTO2020YA https://t.co/LhXkN1NjTV"
"203","#PRESUPUESTO2020YA 
Nota: pidanle a funes que #devuelvanlorobadoCabrones
Y así siguen con sus programistas de asistencia social. https://t.co/lDXP0gML5j"
"204","#PRESUPUESTO2020YA https://t.co/voCtIC0qjK"
"205","@ultimahsv @nayibbukele Eso se recordará en las próximas elecciones. #PRESUPUESTO2020YA"
"206","#PRESUPUESTO2020YA. 

DIPUTADOS, si en verdad tienen un poco de dignidad y respeto a su pueblo. #Presupuesto2020"
"207","#PRESUPUESTO2020YA https://t.co/Cq3qaDUogY"
"208","@waraujo64 #presupuesto2020ya"
"209","Así de fácil <U+0001F449> #Presupuesto2020YA en el día nos iremos sumando quienes por razones de trabajo no pudimos estar ahí. https://t.co/X2KZBnnXyH"
"210","Youtubers y Poblacion Contra Diputados Salvadoreños 12 Dic 2019 #presupu... https://t.co/JzVL8chXb0 via @YouTube #PRESUPUESTO2020YA @AsambleaSV abrir la casa del pueblo y recibirlos con un refrigerio es lo menos que pueden aser ya que de nuestros impuesto obtienen sus jugosos sue"
"211","@marioponcesv @nayibbukele Se lo robaron no hisieron nada #PRESUPUESTO2020YA @AsambleaSV"
"212","<U+2066>@marioponcesv<U+2069> #presupuesto2020ya la casa del pueblo lo menos que pueden aser recibirlos con un refrigero somos sus fejes les guste o no https://t.co/lA8SH7TVHl"
"213","#PRESUPUESTO2020YA <U+2066>@AsambleaSV<U+2069> https://t.co/JVaks0Sh0e"
"214","#PRESUPUESTO2020YA"
"215","Miren Diputados #PRESUPUESTO2020YA para levantar el país y volver hacer una potencia Centro Americana"
"216","https://t.co/Xo2sySS6T7
Miren el poder del pueblo unido 
#Presupuesto2020ya"
"217","doblegamos a los diputados y entramos a la asamblea queremos presupuesto!!! https://t.co/1kKnOd3tzi via @YouTube esto es el comienzo de muchas mas a fuera Ladrones fuera fuera fuera fuera fuera fuera fuera fuera fuera <U+0001F4E2><U+0001F4E2><U+0001F4E2><U+0001F4E2><U+0001F4E2><U+0001F4E2><U+0001F4E2><U+0001F4E2><U+0001F4E2><U+0001F4E2><U+0001F4E2><U+0001F621><U+0001F44F><U+0001F44F><U+0001F44F><U+0001F44F>#Presupuesto2020ya"
"218","@waraujo64 Uleroooos uleroooos uleroooos se van extinguir #presupuesto2020ya<U+0001F4E2><U+0001F4E2><U+0001F4E2><U+0001F4E2><U+0001F4E2><U+0001F4E2><U+0001F621>"
"219","@Tita_Batres #PRESUPUESTO2020YA"
"220","#PRESUPUESTO2020YA"
"221","Mientras el pueblo pide el #Presupuesto2020Ya ellos con sus banquetes.... 

@datosyopinion @Magnum_SV @VeritoEsme_NI @chinchontepec22 @_ElUta @AnonimoSV503 @smilenio2 @LittleCandySV @waraujo64 https://t.co/ISwwqk9wph"
"222","@marioponcesv @nayibbukele @PCN_Oficial Diputado Ponce convoque este día la plenaria y veamos cuáles diputados están con el pueblo dando su voto al #Presupuesto2020Ya"
"223","@FCristales Contamos con su voto diputada Cristales. 
#PRESUPUESTO2020YA"
"224","No es posible que los diputados nos nieguen un sistema de salud abastecido de medicamentos. Diputados, les ordenamos la aprobación del #PRESUPUESTO2020YA"
"225","Hoy El Salvador exige #Presupuesto2020YA ¡¡Los diputados son nuestros empleados!! #AprietenElBotón https://t.co/cWQy6Dcld3"
"226","Gracias por su contribucion a las exigencias por el bienestar de nuestro pueblo Salvadoreno!@MarceloLarin1
 
@cinco_zavala
 @LaFiscalSV
 @waraujo64
 @saulmontesfm
 @chuna_cesar
 @gore_full

#PRESUPUESTO2020YA https://t.co/GTbOzvpofF"
"227","@Villabull @Nelfuent #AprietenElBoton para el #Presupuesto2020YA"
"228","Por ahí dijo un diputado del @FMLNoficial
que no van aprobar el presupuesto porque el presidente no sabe dirigir el país... PFFF por favor, el presidente ha hecho más en 6 meses que ustedes en 30 años. #PRESUPUESTO2020YA #PresupuestoYA https://t.co/R9doWZz54X"
"229","No hay excusas que el presupuesto no se ha debatido. El prespuesto tiene que ser aprobado HOY. Lo pide el pueblo!
#PresupuestoYA #Presupuesto2020Ya #AprietenElBoton"
"230","@gore_full Desde el fondo de mi corazón , estoy con ustedes clamando por un mejor país!! no pude asistir físicamente  pero mi familia y todos mis conocidos adentro y fuera de El Salvador  estamos con el nuevo gobierno. #PRESUPUESTO2020YA"
"231","#HASTAELTOPE #PRESUPUESTO2020YA https://t.co/X5U7YrZVbk"
"232","@Anlikerinfante Váyase a la Asamblea , ahora está el pueblo gritando bajo el sol  #Presupuesto2020YA para que ustedes puedan trabajar !!"
"233","@misol140 @FONAVIPO Lindo todo!! pero el pueblo está allá bajo el sol en la asamblea legislativa gritando #Presupuesto2020YA para que ustedes puedan trabajar y no los vemos ahí?"
"234","Sueño con un mejor país , mi pueblo , mi gente, mis hermanos Salvadoreños están en la Asamblea Legislativa , que Dios me los cubra con un manto protector y  que logremos el #PRESUPUESTO2020YA"
"235","@TrabajoSV En la asamblea legislativa en el palo de hule los queremos ver!! no nos den atol con el dedo!! vamos a gritar #PRESUPUESTO2020YA"
"236","@nayibbukele Señor Presidente @nayibbukele mientras el pueblo bajo el Sol y con la UMO a la par , sus ministros y sus empleados directos bien chévere !!  y ellos son responsables de cada cartera de estado . Así que quermos verlos con el pueblo pidiendo el presupuesto. #PRESUPUESTO2020YA"
"237","#Presupuesto2020Ya"
"238","#PRESUPUESTO2020YA @gpfmln @ARENAOFICIAL"
"239","#PRESUPUESTO2020YA https://t.co/KBS6CC4GKh"
"240","@AsambleaSV HDPM APRUEBEN EL #Presupuesto2020YA !!"
"241","@marioduran @FMLNoficial @JorgeSchafik #PRESUPUESTO2020YA el pueblo te está viendo <U+0001F60E><U+0001F60E>"
"242","@cinco_zavala @sergiog05163876 @cinco_zavala que Dios bendiga el caminar de cada uno que apoya #Presupuesto2020ya"
"243","@JoseNavarroSV @nayibbukele @JorgeSchafik  tuvieron 10 años y fueron incompetentes ahora dejen trabajar al presidente #PRESUPUESTO2020YA"
"244","@Pique1138 @Pique1138  que no salgan hasta que aprueben #PRESUPUESTO2020YA <U+0001F4AA><U+0001F4AA><U+0001F4AA><U+0001F4AA><U+0001F64C><U+0001F64C>bendiciones"
"245","@JorgeSchafik @gpfmln @JorgeSchafik  aprobar #Presupuesto2020YA <U+0001F621><U+0001F621><U+0001F621><U+0001F621>"
"246","@juanjmartel @AsambleaSV @9TVLegislativa Si mi estimado Sr. Martel porque se lo repartían y eso no pasará en este gobierno por eso lo están reteniendo #PRESUPUESTO2020YA"
"247","Gracias amigo por representarnos dede Canada <U+0001F1E8><U+0001F1E6> presente #PRESUPUESTO2020YA https://t.co/6317G6pKNP"
"248","#presupuesto2020ya"
"249","@IrmaAmaya_ @PanEconomicoSV Irma Amaya basura #presupuesto2020ya @AsambleaSV"
"250","@Mrelegantesv @juanjmartel #PRESUPUESTO2020YA
#PRESUPUESTO2020YA
#PRESUPUESTO2020YA
#PRESUPUESTO2020YA
@AsambleaSV @gpfmln @ARENAfraccion @PCN_Oficial @GANAOFICIAL"
"251","Los frentudos quieren que el gobierno actual fracase!!! Se les va a voltear la tortilla señores!!! No sean tercos!!

#PRESUPUESTO2020YA
#PRESUPUESTO2020YA
#PRESUPUESTO2020YA
#PRESUPUESTO2020YA
@AsambleaSV @gpfmln @ARENAfraccion @PCN_Oficial @GANAOFICIAL"
"252","#PRESUPUESTO2020YA
#PRESUPUESTO2020YA
#PRESUPUESTO2020YA
#PRESUPUESTO2020YA
@AsambleaSV @gpfmln @ARENAfraccion @PCN_Oficial @GANAOFICIAL"
"253","@Txavigo @sandracanales82 @GuadalupeVOfic @marioponcesv Vaya, vaya, señor presidente de la @AsambleaSV @marioponcesv usted debería ser el primero que tenía que haber firmado ese dictamen. No que tan ""a favor"" sale enfrente de cámaras pues?
#presupuesto2020YA"
"254","#Presupuesto2020ya"
"255","#PRESUPUESTO2020YA   https://t.co/xXLVbobumv"
"256","La DIÁSPORA EXIGE que aprueben el presupuesto..este es el primer llamado de muchos que vendrán si no  quieren trabajar para el pueblo.
@ravelpak 
@AsambleaSV 
@rodolfo_parker
@ChatoVargasSV
@normanquijano
@emilio_coreaES

#queremospresupuestoya
#elpuebloexige
#PRESUPUESTO2020YA https://t.co/WNqocb9DlE"
"257","#PRESUPUESTO2020YA https://t.co/xXLVbobumv"
"258","#PRESUPUESTO2020YA https://t.co/ryL4RC3vl0"
"259","#presupuesto2020YA"
"260","Hoy pasamos de lo virtual a lo rreal, #PRESUPUESTO2020YA 
@AsambleaSV 
Sus patrones el Pueblo se los exigimos, hagan su trabajo para eso les pagamos https://t.co/FLfViNTY1v"
"261","@Mrelegantesv @juanjmartel #PRESUPUESTO2020YA .!!!!!!"
"262","Ya en la @AsambleaSV y mientras los Diputados vienen me tomaré un café...
¡Hoy es el día!
#PRESUPUESTO2020YA <U+0001F1F8><U+0001F1FB><U+0001F44A> https://t.co/Pypo5HsRNf"
"263","¡PRESUPUESTO YA!

Hoy se tiene que aprobar el primer presupuesto del Gobierno de @nayibbukele
#PRESUPUESTO2020YA <U+0001F1F8><U+0001F1FB><U+0001F44A> https://t.co/bPBJICIL1q"
"264","Venimos de la manera más pacífica y democrática a exigirle a los Diputados de la @AsambleaSV que aprueben HOY el primer presupuesto del Gobierno de @nayibbukele.

No atrasen las grandes obras y los grandes proyectos para la gente.
#PRESUPUESTO2020YA <U+0001F1F8><U+0001F1FB><U+0001F44A> https://t.co/ijTWbcr2IL"
"265","Hemos Ingresando a la @AsambleaSV para exigir a los Diputados que APRUEBEN HOY el primer presupuesto del Gobierno de @nayibbukele

#PRESUPUESTO2020YA https://t.co/xAQhLKvQA9"
"266","Este es el sentir del pueblo salvadoreño para que los Diputados APRUEBEN HOY el primer presupuesto del Gobierno de @nayibbukele

Faltan las firmas de los mismos de siempre para que pase el dictamen de presupuesto 2020 a ser aprobado.
#PRESUPUESTO2020YA <U+0001F1F8><U+0001F1FB><U+0001F44A> https://t.co/NSrJG4POFS"
"267","¡¡ <U+0001D64B><U+0001D64D><U+0001D640><U+0001D64E><U+0001D650><U+0001D64B><U+0001D650><U+0001D640><U+0001D64E><U+0001D64F><U+0001D64A> <U+0001D654><U+0001D63C> !!
#PresupuestoYa
#Presupuesto2020
#PRESUPUESTO2020YA
#PlanControlTerritorial

@AsambleaSV
@ravelpak
@rodolfo_parker
@norman_quijano

<U+0001D404><U+0001D431><U+0001D42C><U+0001D422><U+0001D423><U+0001D422><U+0001D426><U+0001D428><U+0001D42C> <U+0001D42A><U+0001D42E><U+0001D41E> <U+0001D42D><U+0001D42B><U+0001D41A><U+0001D41B><U+0001D41A><U+0001D423><U+0001D41E><U+0001D427> <U+0001D429><U+0001D41A><U+0001D42B><U+0001D41A> <U+0001D41E><U+0001D425> <U+0001D429><U+0001D42E><U+0001D41E><U+0001D41B><U+0001D425><U+0001D428>, <U+0001D412><U+0001D414> <U+0001D409><U+0001D404><U+0001D405><U+0001D404>. https://t.co/pjSosP4avf"
"268","La @AsambleaSV tiene que APROBAR HOY el #PRESUPUESTO2020 de El Salvador.  <U+0001F1F8><U+0001F1FB>
El PODER POPULAR estará PRESENTE para asegurarse que así sea y hacer Valer el VOX PÓPULI del Verdadero Pueblo Salvadoreño. 
Pdte. @nayibbukele NO ESTAS SOLO..!!! 
#PRESUPUESTO2020YA"
"269","@marlocito ... PUEBLO Y DIÁSPORA PRESENTE EN LA @AsambleaSV. :  APRUEBEN
"" #PRESUPUESTO2020YA 
""..Con Todos los Poderes, @marlocito  <U+0001F44A>"
"270","#Presupuesto2020Ya https://t.co/ocncnomEP0"
"271","#Presupuesto2020YA!! https://t.co/FprRwqjjiI"
"272","@Yanci_Urbina @FMLNoficial @gpfmln Ya siéntese señora. 

Solo son excusas baratas.

#Presupuesto2020Ya"
"273","@FMLNoficial @lorenagpeam #PRESUPUESTO2020YA #PRESUPUESTO2020YA #PRESUPUESTO2020YA #PRESUPUESTO2020YA #PRESUPUESTO2020YA #PRESUPUESTO2020YA #PRESUPUESTO2020YA #PRESUPUESTO2020YA #PRESUPUESTO2020YA #PRESUPUESTO2020YA #PRESUPUESTO2020YA #PRESUPUESTO2020YA #PRESUPUESTO2020YA #PRESUPUESTO2020YA"
"274","@damianalegria @lorenagpeam @FMLNoficial #PRESUPUESTO2020YA #PRESUPUESTO2020YA #PRESUPUESTO2020YA #PRESUPUESTO2020YA #PRESUPUESTO2020YA #PRESUPUESTO2020YA #PRESUPUESTO2020YA #PRESUPUESTO2020YA #PRESUPUESTO2020YA #PRESUPUESTO2020YA #PRESUPUESTO2020YA #PRESUPUESTO2020YA #PRESUPUESTO2020YA #PRESUPUESTO2020YA"
"275","@emilio_coreaES #PRESUPUESTO2020YA #PRESUPUESTO2020YA #PRESUPUESTO2020YA #PRESUPUESTO2020YA #PRESUPUESTO2020YA #PRESUPUESTO2020YA #PRESUPUESTO2020YA #PRESUPUESTO2020YA #PRESUPUESTO2020YA #PRESUPUESTO2020YA #PRESUPUESTO2020YA #PRESUPUESTO2020YA"
"276","Señores de la @AsambleaSV es necesario que den acceso al portón principal

@Txavigo @waraujo64 @TahnyaPS @Magnum_SV @geovanigaleas1 @GuadalupeVOfic @nayibbukele @ravelpak @norman_quijano @chinchontepec22 @_ElUta @Mrelegantesv 

#PresupuestoYA 
#PRESUPUESTO2020YA https://t.co/055213FJDh"
"277","Más fotos.....

@romeoauerbach 

@AsambleaSV 

Dejen entrar es una marcha pacífica 

Qué pasa? Tienen miedo?

#ApruebenElPresupuestoYa 

#PRESUPUESTO2020YA https://t.co/XuE4txZtlO https://t.co/xWyV8l0sn1"
"278",".@marioponcesv 

Y no puede ayudar con el acceso?

#PRESUPUESTO2020YA 

@AsambleaSV den acceso es una marcha pacífica https://t.co/XuE4txZtlO"
"279","¿Por que no dan acceso?

@AsambleaSV @marioponcesv @norman_quijano @ravelpak @Franciszablah @GuadalupeVOfic 

¿Porque no abren el portón?

¿Que pasa?

#PRESUPUESTO2020YA 

@Txavigo @chinchontepec22 https://t.co/0Q1uY5MTyC"
"280","Ahí está señores!!!

#PRESUPUESTO2020YA 

Desde la #Diaspora 

 https://t.co/CKlbtCoHMQ"
"281","Al final, por más que quieran disfrazarlo, el FMLN quiere NEGOCIAR, y hasta hoy el gobierno del Pdte. 
@nayibbukele
 NO LO HA HECHO y así debe ser.
#Presupuesto2020Ya"
"282","#PresupuestoYA #Presupuesto2020YA https://t.co/ypNaLBRr06"
"283","#PRESUPUESTO2020YA"
"284","@Mrelegantesv @juanjmartel Aquí deberían estar todos los de @GANAOFICIAL @MilenaMayorga @CD_ESA @FCristales y los otros que quieren #PresupuestoYa #PRESUPUESTO2020YA"
"285","@Tita_Batres @ARENAfraccion @AsambleaSV @MedioAmbienteSV @COAMSS_OPAMSS #Presupuesto2020ya"
"286","#PRESUPUESTO2020YA #PRESUPUESTO2020YA #PRESUPUESTO2020YA"
"287","Si los diputados tienen que aprovar el presupuesto para la seguridaddel pueblo, seria justo que el pueblo tenga que aprovar sus ""BONOS"" de Navidad! #PRESUPUESTO2020YA"
"288","#PRESUPUESTO2020YA <U+0001F44A><U+0001F1F8><U+0001F1FB> https://t.co/zK6akJt0C7"
"289","#PRESUPUESTO2020YA"
"290","@emilio_coreaES #presupuesto2020YA"
"291","@FMLNoficial #presupuesto2020YA!"
"292","#PRESUPUESTO2020YA https://t.co/1BvW61uWLf"
"293","#PRESUPUESTO2020YA https://t.co/ei5Gtjpgn5"
"294","#PRESUPUESTO2020YA https://t.co/G7QWrP6SUi"
"295","#PRESUPUESTO2020YA https://t.co/vm4MxIAWUw"
"296","COBARDES!! #PRESUPUESTO2020YA https://t.co/Om1RTRuHAK"
"297","#PRESUPUESTO2020YA https://t.co/zm4S6Z52gQ"
"298","#PRESUPUESTO2020YA https://t.co/3U6TdAGCfr"
"299","@AsambleaSV
@marioponcesv

Falta poco pa que salgan a pedir el
voto. Y nos la descontaremos, ya no queremos láminas, ni ninguna otra inutilidad que no sea nuestra seguridad, salud, educacion etc. Por tanto. Aprueben el presupuesto.

#PRESUPUESTO2020YA"
"300","Estamos lejos de Nuestra Patria. Pero, sentimos sus gemidos de dolor y desesperación.

Sres: Aprueben el presupuesto 2020.
@AsambleaSV 
@normam_quijano
@rodolfo_parker
@revelpak

#PRESUPUESTO2020YA"
"301","Prepotentes, insensibles con las necesidades de la población, amantes de la INGOBERNABILIDAD, enemigos del PUEBLO.

Al final, por más que quieran disfrazarlo, el FMLN quiere NEGOCIAR, y hasta hoy el gobierno del Pdte. @nayibbukele NO LO HA HECHO y así debe ser.
#Presupuesto2020Ya https://t.co/CMHV3Jf909"
"302","@AsambleaSV Aprueben el presupuesto que es lo que nos interesa a la población, misma que los puso en su cargo como diputados para velar por el bienestar de nosotros el pueblo. #PRESUPUESTO2020YA"
"303","@waraujo64 <U+0001F4AF> Barça y <U+0001F4AF> + al #PRESUPUESTO2020YA  con todo don @waraujo64"
"304","Knock knock Quien esssss EL PUEBLO su JEFE abran esa puerta YA
#PRESUPUESTO2020YA 
@AsambleaSV 
@cinco_zavala 
@chuna_cesar 
@waraujo64 
@MarceloLarin1 
@MBN_Digital 
@marioponcesv 
@MilenaMayorga 
@FCristales 
@Franciszablah"
"305","INFRAESTRUCTURA Y DEPORTE #PRESUPUESTO2020YA https://t.co/y4CqhV1Gm1"
"306","MEDICINA #PRESUPUESTO2020YA https://t.co/smXJxRxq0s"
"307","ABRO HILO 

Explicando porque pedimos tanto el #PRESUPUESTO2020YA"
"308","SEGURIDAD #PRESUPUESTO2020YA https://t.co/CkZZ9GIrqM"
"309","EDUCACIÓN #PRESUPUESTO2020YA https://t.co/mNZn0XLfug"
"310","Hoy el pueblos los necesita apoyo masivo a la marcha, hoy logramos el presupuesto 2020, #PRESUPUESTO2020YA @cinco_zavala @MarceloLarin1 @gore_full @marioduran @LaFiscalSV @chinchontepec22 @Juanapinedag"
"311","Que los mismos de siempre se sientan acorralados la pelea sea a dos bandos ustedes con el pueblo y sus suplentes votando por el #PRESUPUESTO2020YA

@gore_full @cinco_zavala @MarceloLarin1 @chinchontepec22 @Juanapinedag @LaFiscalSV"
"312","Gracias @juanjmartel por el apoyo a tu pueblo, sos grande @juanjmartel sos maradona<U+0001F44F><U+0001F44F><U+0001F44F>, @FCristales @MilenaMayorga @marioponcesv @GGallegos24 @Franciszablah unance a la petición del pueblo, dejen a sus suplentes que voten por el #PRESUPUESTO2020YA"
"313","@Mrelegantesv Esooooo
A dejar en claro a todos en la @AsambleaSV  quién es su jefe, el Pueblo q les paga sus salarios.
Actúen a favor de la gente YA.
#PRESUPUESTO2020YA"
"314","Se me eriza la piel señores somos un pueblo unido para sacar a El Salvador adelante #PRESUPUESTO2020YA"
"315","@nayibbukele  Sr. Presidente acá las #NefastasDeclaraciones del #PayasoDeCirco de #SchafikJr 

No nos queda la menor #Duda que este tipo de personajes son peor que #BasuraPutrefacta, la que ha enfermado a nuestro #País.

#Presupuesto2020Ya 

#Operación2021 <U+0001F4AA><U+0001F3FB><U+0001F44A><U+0001F3FB> https://t.co/kbMRN1jMrn"
"316","Hoy toda una #Nación, un #País le #Exige a la @AsambleaSV y a los #Diputados la #Aprobación del #Presupuesto. 
Jamás en la historia de este #País, el #Presupuesto ha sido tan #Transparente, que de #AñosAnteriores 

No más  #Excusas.

#Presupuesto2020Ya<U+203C><U+FE0F>

https://t.co/gnjCdVJPmr"
"317","This makes me want to tear up. I'm so happy seeing my country progress under the leadership of Bukele. #PRESUPUESTO2020YA <U+0001F64F> https://t.co/Q926hVDe58"
"318","Dejen de bloquear la señal hijos de la gran ****
#PRESUPUESTO2020YA"
"319","@FMLNoficial aquí está el pueblo afuera de tu Curul, vengan y tengan <U+0001F95A><U+0001F95A>de decirnos eso en la cara.

#Presupuesto2020yá https://t.co/lXcbL1EahC"
"320","Así está a las afueras de la @AsambleaSV.

No quieren dejar entrar a nadie.

#PRESUPUESTO2020YA https://t.co/IRaITsbZXR"
"321","Vamos pueblo...demostremos que somos fuertes!!!! #LaDiaspora les apoya desde cada rincón del mundo <U+0001F4A5><U+0001F30E><U+0001F4A5>
#SomosNuevaHistoria 
#PRESUPUESTO2020YA https://t.co/o9NLc6nKBQ"
"322","@Txavigo No vamos a parar hasta que se apruebe el #Presupuesto2020Ya <U+0001F4AA><U+0001F3FB><U+0001F4AA><U+0001F3FB><U+0001F9E2><U+0001F1F8><U+0001F1FB><U+0001F9E2>"
"323","@nayibbukele #Presupuesto2020Ya Felicidades tuiteros que están en la Asamblea ."
"324","Diputados #Presupuesto2020Ya https://t.co/IaiDLhmg3Z"
"325","#Presupuesto2020Ya Felicidades tuiteros que están en la Asamblea . https://t.co/zrOBe17eDw"
"326","#PRESUPUESTO2020YA !! Dipusaurios ud se deben al pueblo."
"327","No hay que moverse de alli hasta que aprueben el presupuesto no los dejen salir...#PRESUPUESTO2020YA https://t.co/AWGAUfBnZR"
"328","@AsambleaSV #PRESUPUESTO2020YA @marioponcesv usted es la máxima autoridad de la casa del pueblo Salvadoreño mande a abrir el portón"
"329","#PRESUPUESTO2020YA @marioponcesv, usted es la máxima autoridad de la @AsambleaSV está o no está a favor del Pueblo Salvadoreño, mande a abrir ese portón de la casa del pueblo que los que están bloqueando el presupuesto sientan la presión #Mismosdesiempre"
"330","#PRESUPUESTO2020YA @AsambleaSV @ARENAfraccion @Nidia_FMLN @FMLNoficial https://t.co/PQsrbHAxwY"
"331","#PRESUPUESTO2020YA @AsambleaSV @ARENAfraccion @ARENAOFICIAL @FMLNoficial @Nidia_FMLN https://t.co/mHdrTQfyhU"
"332","#PRESUPUESTO2020YA  @AsambleaSV"
"333","#PRESUPUESTO2020YA señores diputados @AsambleaSV tienen q responder"
"334","#PRESUPUESTO2020YA SEÑORES NO SE EXPONGAN @AsambleaSV ESCUCHEN AL PUEBLO"
"335","#PRESUPUESTO2020YA señores @AsambleaSV ABRAN EL PORTÓN"
"336","DEVUELVAN EL BONO @AsambleaSV NECESITAMOS #PRESUPUESTO2020YA"
"337","#PRESUPUESTO2020YA @AsambleaSV"
"338","#PRESUPUESTO2020YA abran el portón @AsambleaSV"
"339","#PRESUPUESTO2020YA @AsambleaSV ya es tiempo señores"
"340","#PRESUPUESTO2020YA señores @AsambleaSV https://t.co/TEz3qydGq2"
"341","@con_tuit @nayibbukele Yo no puedo opinar de algo que no he visto,  no he visto el presupuesto anterior ni el nuevo, lo que si me consta es que el trabajo de @nayibbukele está dando resultados y es lo único que me interesa. #PRESUPUESTO2020YA"
"342","@JoseNavarroSV @nayibbukele Sos una grandisima mierda para este pais @JorgeSchafik, el país les devolverá lo que se han buscado.
#PRESUPUESTO2020YA"
"343","@AsambleaSV @norman_quijano #PRESUPUESTO2020YA"
"344","#PRESUPUESTO2020YA
#PRESUPUESTO2020YA 
#PRESUPUESTO2020YA https://t.co/k7CRnoEsZK"
"345","@waraujo64 #PRESUPUESTO2020YA"
"346","@AsambleaSV COBARDES ABRAN LA PUERTA de nuestra casa COBARDES MAÑOSOS. #PRESUPUESTO2020YA"
"347","#PRESUPUESTO2020YA
#PRESUPUESTO2020YA 
#PRESUPUESTO2020YA"
"348","#PRESUPUESTO2020YA"
"349","Si no aprueban el presupuesto señores de la @AsambleaSV ...

Entonces no hay ""BONO"" para ningún funcionario público...

Basta ya de jugar con el pueblo salvadoreño. 

#PRESUPUESTO2020YA 
#NoAlBonodelaAsamblea"
"350","@JoseNavarroSV @nayibbukele Con esa actitud se terminan de acabar los restos que quedan del @FMLNoficial ,que tanto luchó por las reivindicaciones sociales que van contenidas en el presupuesto #PRESUPUESTO2020YA"
"351","#PRESUPUESTO2020YA @AsambleaSV"
"352","Desde Australia  les decimos sres  diputados
#PRESUPUESTO2020YA"
"353","#PRESUPUESTO2020YA"
"354","El mega fracaso de hoy #PRESUPUESTO2020YA  fue liderado por el mega corrupto de @waraujo64 

Los mismos de siempre. Raro que ARENA este listo para aprobar el presupuesto. https://t.co/8xGdgrxYqQ"
"355","No sé ve ningún integrante del gabinete de gobierno para exigir junto al pueblo #PRESUPUESTO2020YA"
"356","La @AsambleaSV le está negando la entra al pueblo salvadoreños el derecho a manifestarse pacíficamente.

Se hace un llamados a todos los q aún NO llegan ÚNANSE, solo el PUEBLO cuida al PUEBLO #PRESUPUESTO2020YA 

Compartan esta información, la @AsambleaSV bloqueo el acceso<U+0001F447><U+0001F3FB> https://t.co/AuCrxi95ow"
"357","@GGallegos24 @GANAOFICIAL @nayibbukele Dejen entrar al pueblo hacer valer su derecho de manifestarse pacíficamente...Ud esta en esa CLICA haga algo???

#PRESUPUESTO2020YA 
#PRESUPUESTO2020YA"
"358","#PRESUPUESTO2020YA 
#PRESUPUESTO2020YA
#PRESUPUESTO2020YA 
#PRESUPUESTO2020YA
#PRESUPUESTO2020YA 
#PRESUPUESTO2020YA 
#PRESUPUESTO2020YA 
#PRESUPUESTO2020YA
https://t.co/DzOXSxHbEg"
"359","El pueblo NO puede manifestarse pacíficamente, la @AsambleaSV ha bloqueado el acceso @fulloa51 @nayibbukele dónde quedó la Democracia???

#PRESUPUESTO2020YA 
#PRESUPUESTO2020YA https://t.co/3hIWGGwc4y"
"360","Entonces porqué NO lo aprueban?? 
#PRESUPUESTO2020YA 

@AsambleaSV @nayibbukele https://t.co/y4domAbeUw"
"361","#PRESUPUESTO2020YA"
"362","@waraujo64 @marioponcesv #PRESUPUESTO2020YA"
"363","EL CLAMOR DEL PUEBLO.

#PRESUPUESTO2020YA 

 https://t.co/pTySa82Lg6"
"364","Las instrucciones y método de aprobación son simples.

Simplemente aprieten el botón.

#PRESUPUESTO2020YA y #PlanControlTerritorial https://t.co/RHJHlQZLmF"
"365","#Presupuesto2020 
#PRESUPUESTO2020YA 
@AsambleaSV habran las puertas el patron esta afuera esto querian esto tienen a hora a buscar soluciones ya https://t.co/O1e0LyVwji"
"366","#PRESUPUESTO2020YA https://t.co/IhM4SxU7Hz"
"367","@romeoauerbach #presupuesto2020ya."
"368","#PRESUPUESTO2020YA"
"369","@romeoauerbach Buen provecho Sr. Romeo...
#Presupuesto2020YA <U+0001F44A><U+0001F3FC>"
"370","@nayibbukele @sandracanales82 #Presupuesto2020YA <U+0001F44A><U+0001F3FC>"
"371","@fulloa51 @AsambleaSV @nayibbukele #Presupuesto2020YA <U+0001F44A><U+0001F3FC>"
"372","@Mrelegantesv @nayibbukele Hoy más que nunca es de hacer historia. !
Mi alma,fuerza y corazón con tus mis herman@s que deseamos un mejor EL Salvador...
#Presupuesto2020YA <U+0001F44A><U+0001F3FC>"
"373","@marioponcesv @sandracanales82 #Presupuesto2020YA <U+0001F44A><U+0001F3FC>"
"374","#PRESUPUESTO2020YA #Presupuesto2020 el pueblo les exige. 
@Tita_Batres https://t.co/6BVpgEPpFC"
"375","#PRESUPUESTO2020YA #Presupuesto2020  maje, el pueblo te lo exige @gpfmln @FMLNoficial https://t.co/MNdJsA3shA"
"376","#PRESUPUESTO2020YA #Presupuesto2020  
@norman_quijano https://t.co/mS9kQtLs76"
"377","#PRESUPUESTO2020YA #Presupuesto2020  @MayteeIraheta https://t.co/ls3IQyVcG1"
"378","#PRESUPUESTO2020YA #Presupuesto2020  
@ChatoVargasSV
 ustedes son nuestros empleados, por eso les exigimos que #AprietenElBoton https://t.co/OMqUNO0W7F"
"379","#PRESUPUESTO2020YA #Presupuesto2020 el pueblo les exige. @Escobarmarga https://t.co/26khSpLWV9"
"380","#PRESUPUESTO2020YA #Presupuesto2020  @PDCrparker https://t.co/iauAZSKvlu"
"381","#PRESUPUESTO2020YA #Presupuesto2020  
@HMargaritaLopez https://t.co/s7KB4XxuON"
"382","#PRESUPUESTO2020YA #Presupuesto2020  TE EXIGIMOS QUE APRETES EL BOTÓN, SOS MI EMPLEADO. @JJavierPalomo https://t.co/NDRUGMZknZ"
"383","#PRESUPUESTO2020YA #Presupuesto2020  
@Nidia_FMLN https://t.co/V4xBtBXydE"
"384","#PRESUPUESTO2020YA #Presupuesto2020  cachetes de marrana flaca, el pueblo te lo exige y vos como empleado tenes que cumplirlo. @emilio_coreaES https://t.co/p1F4IvqTsg"
"385","#PRESUPUESTO2020YA #Presupuesto2020 el pueblo les exige. @Villabull https://t.co/u1j2gma9ue"
"386","#PRESUPUESTO2020YA #Presupuesto2020  @_davidreyes que esperan? https://t.co/3jXd9uAqPK"
"387","#PRESUPUESTO2020YA #Presupuesto2020  
@JorgeSchafik https://t.co/6VW9ozRYLH"
"388","#PRESUPUESTO2020YA #Presupuesto2020  
@ravelpak https://t.co/Ke16I8KwVi"
"389","#Presupuesto2020Ya"
"390","#PRESUPUESTO2020YA https://t.co/lc1fqAaUMI"
"391","@marioduran @AsambleaSV #PRESUPUESTO2020YA"
"392","@AsambleaSV @marioponcesv a que horas le abren la puerta al pueblo!
#PRESUPUESTO2020YA https://t.co/KkNOypMeuT"
"393","#PRESUPUESTO2020YA  con todo los poderes pueblo Salvadoreño hacer justicia por ustedes y por los que por la culpa de esas RATAS tuvimos que salir de nuestro país bendiciones enormes a todos los que ya se dieron cuenta la clase de basura que es @ARENAOFICIAL y el @FMLNoficial https://t.co/EKpcwXpAJH"
"394","#PRESUPUESTO2020YA https://t.co/KdNUQ2UTry"
"395","#PRESUPUESTO2020YA https://t.co/YTe3FemQUB"
"396","#PRESUPUESTO2020YA https://t.co/C7oftCm3bn"
"397","@Chinita_Lohan @Moreno_Duran_ @AsambleaSV @nayibbukele #PRESUPUESTO2020YA"
"398","@AsambleaSV #PRESUPUESTO2020YA"
"399","@AsambleaSV #PRESUPUESTO2020YA"
"400","@AsambleaSV #PRESUPUESTO2020YA"
"401","@AsambleaSV @ChinoFloressv @gpfmln @radio102nueve #PRESUPUESTO2020YA"
"402","#PRESUPUESTO2020YA<U+2728><U+2728><U+2728><U+0001F1F8><U+0001F1FB><U+0001F1F8><U+0001F1FB><U+0001F1F8><U+0001F1FB><U+0001F1F8><U+0001F1FB><U+0001F1F8><U+0001F1FB><U+2728><U+2728><U+2728><U+0001F44A><U+0001F3FC><U+0001F44A><U+0001F3FC><U+0001F44A><U+0001F3FC><U+0001F44A><U+0001F3FC><U+0001F4AA><U+0001F3FC><U+0001F4AA><U+0001F3FC><U+0001F4AA><U+0001F3FC> https://t.co/fEPB6rI5aa"
"403","@waraujo64 #PRESUPUESTO2020YA"
"404","Queremos #Presupuesto2020YA #AprietenElBotón de una vez por todas haraganes de la asamblea!!!! https://t.co/LJKWYdfKps"
"405","@AsambleaSV @waraujo64 #PRESUPUESTO2020YA"
"406","No se hagan los de los panes, dejen entrar @AsambleaSV si igual, el 2021 van para afuera!!! #Presupuesto2020 #PRESUPUESTO2020YA @nayibbukele"
"407","Señores de @AsambleaSV 
Hoy es el día , NO hay excusas...Aprueben.

#PRESUPUESTO2020YA. https://t.co/cUMNyrJMaR"
"408","Hemanos salvadoreños vayan los que tengan las posibilidades de asistir a la concentración pacífica a la @AsambleaSV a exigir la aprobación del presupuesto 2020 y el financiamiento del #PlanControlTerritorial fase 2 y 3 

Sres. Diputados
#Presupuesto2020Ya <U+0001F44A><U+0001F4AA>"
"409","@AsambleaSV como parte de el poder popular exigimos #PRESUPUESTO2020YA !!!!"
"410","Se les recuerda que la presencia en la asamblea es PACÍFICA, tome fotos y videos de aquellos que la irrespeten. #Presupuesto2020Ya"
"411","Los diputados tienen que tener claro que mientras más tardan en aprobar el #Presupuesto2020 más hunden a sus partidos políticos! #PRESUPUESTO2020YA"
"412","#PRESUPUESTO2020YA https://t.co/a3CJhMZoVj"
"413","#PRESUPUESTO2020YA <U+270A> https://t.co/1zP2c3idy5"
"414","Habrán el portón malditos corruptos @AsambleaSV @nayibbukele #PRESUPUESTO2020YA"
"415","Desde Rialto, California me uno moralmente con mis hermanos en la marcha @AsambleaSV  exigimos aprobar #PRESUPUESTO2020YA  no más excusas,somos el poder popular. No más a la inseguridad, No más estorciones. https://t.co/SU3DaMaa5G"
"416","@AsambleaSV @ARENAOFIClAL @FMLNoficial @rodolfoparker @PCN_Oficial  como poder popular les pedimos aprobar el presupuesto 2020. Porque ponen excusas? Dejen al pueblo sentirse querido o odiado no serán Uds los endeudados. #Presupuesto2020Ya https://t.co/ItO95ZwvPY"
"417","la asamblea ha ordenado cerrar las puertas a una concentración pacifica

pero los buenos somos mas

#PRESUPUESTO2020YA https://t.co/AoVijh1OHn"
"418","Más fondos para publicidad y seguros privados, que para la protección y defensa del medio ambiente?
Eso es lo que se quiere con el #PRESUPUESTO2020? O como se explica esa asignación de fondos? #PreguntaSeria @marioponcesv @waraujo64 @MarceloLarin1 #ElSalvador #PRESUPUESTO2020YA https://t.co/fGReSLCNbn"
"419","Fue resuelta la siguiente duda?... Se mantienen los 4 millones para ""transferencias para personas naturales"", en la Unidad de Reconstrucción de Tejido Social? Para qué servirá esos millones? A quienes se les entregará? #Presupuesto2020 #PRESUPUESTO2020YA #ElSalvador https://t.co/111xqczRry"
"420","no hay más excusas, el pueblo mérese una vida digna.   #Democracia  #PRESUPUESTO2020YA @AsambleaSV https://t.co/hyVIys4fuL"
"421","YA NO HAY EXCUSA @AsambleaSV  #PRESUPUESTO2020YA https://t.co/5mopFuYrNZ"
"422","Senores @AsambleaSV
 @FMLNoficial @ARENAOFICIAL #PRESUPUESTO2020YA"
"423","ESTE ES EL DIA @AsambleaSV 
#PRESUPUESTO2020YA https://t.co/sba5hBn4sk"
"424","SE LLEGO EL DIA...NUESTRO APOYO DESDE CANADA...
#PRESUPUESTO2020YA https://t.co/NrJd2ROtJu"
"425","Nos vemos desde la asamblea #PRESUPUESTO2020YA"
"426","#PRESUPUESTO2020YA ."
"427","Hoy es el Día Señores Diputados
Exigimos se Apruebe el Presupuesto 2020.
#Presupuesto2020Ya https://t.co/7O6yQtGl2G"
"428","Hoy es el Día 12/12/19
#Presupuesto2020Ya https://t.co/YgZ7Qj4NNy"
"429","Hoy es el Dia
#Presupuesto2020Ya https://t.co/xbpCuYpJ98"
"430","#Presupuesto2020Ya https://t.co/xbpCuYpJ98"
"431","#NoHayExcusas
Hoy se debe de Aprobar el Presupuesto2020
#Presupuesto2020Ya https://t.co/qIMGkHmBjf"
"432","Señores Diputados 
El Pueblo les Exigimos
Aprueben el Presupuesto
Ustedes fueron Elegidos 
Para Legislar para El Pueblo,No para Intereses Partidarios.
#Presupuesto2020Ya https://t.co/Snb1yydQV6"
"433","Señores Diputados Llego el día
#Presupuesto2020Ya https://t.co/3xkucpmYUY"
"434","#Presupuesto2020Ya https://t.co/CwkV2kukC4"
"435","@JOBA2517 Aunque cierren el portón la voz del pueblo SI se hará escuchar! #PRESUPUESTO2020YA #PRESUPUESTO2020YA #PRESUPUESTO2020YA @AsambleaSV"
"436","No más excusas #PRESUPUESTO2020YA"
"437","@nayibbukele Hoy es el día #PRESUPUESTO2020YA"
"438","A puro HT quieren que se apruebe el presupuesto, así que bien que a puro HT se sabe #QuienPagoElViajeDeOsiris <U+0001F923>

#PRESUPUESTO2020YA"
"439","#Presupuesto2020ya"
"440","Llego el día, la educación del país lo necesita!
#Presupuesto2020Ya  #PresupuestoYA 
@sandracanales82
@waraujo64 
@chinchontepec22
@FrankMenendezTX
@JohannaCalleja9
@LChiks1912
@sandracanales82 
@FMLNoficial
@ARENAfraccion
@Almagro_OEA2015 https://t.co/JVDXDsTKdD"
"441","Llego la hora! O están a favor de una agenda política partidaria o con la población! #Presupuesto2020Ya  #PresupuestoYA 
@sandracanales82

@waraujo64
 
@chinchontepec22

@FrankMenendezTX

@JohannaCalleja9

@LChiks1912

@sandracanales82
 
@FMLNoficial

@ARENAfraccion https://t.co/UNIIt3OtBL"
"442","@ybukele #PRESUPUESTO2020YA no tienen porque detener el PROGRESO."
"443","@LaTabuda #PRESUPUESTO2020YA."
"444","#PRESUPUESTO2020YA @AsambleaSV"
"445","#PRESUPUESTO2020YA"
"446","#PRESUPUESTO2020YA
@AsambleaSV
@ARENAfraccion
@gpfmln https://t.co/hQW93IWEeW"
"447","Buenos días a todos , ahora es el día que nuestra voz sea escuchada y de hacer ver que podemos exigir lo que al pueblo le corresponde. 

 @nayibbukele el pueblo está con usted ! 

#Presupuesto2020YA"
"448","@carlosreyesrr @ARENAfraccion @Nelfuent @CarolinaElSalva #presupuesto2020ya"
"449","#PRESUPUESTO2020YA"
"450","@norman_quijano  @AsambleaSV   Queremos #PRESUPUESTO2020YA"
"451","Todos los ministros han desfilado por la Asamblea Legislativa, a petición de los diputados, para que les expliquen cómo se invertirá el presupuesto 2020, no hay excusa para no aprobarlo. #Presupuesto2020YA"
"452","#PRESUPUESTO2020YA https://t.co/P840pOlkrS"
"453","@AsambleaSV  

((((((***************APRETEN EL BOTON **************)))))))))

#PRESUPUESTO2020YA 
#PresupuestoYA 
#PlanControlTerritorial"
"454","@AsambleaSV 
#PRESUPUESTO2020YA 
#PresupuestoYA 
#devuelvanlorobado 
#PlanControlTerritorial"
"455","#Presupuesto2020Ya https://t.co/foepBaeL7n"
"456","Diputada @Villabull el pueblo le exige que aprueben el #Presupuesto2020Ya #PresupuestoYA y que #AprietenElBoton <U+0001F44A> https://t.co/mftPfhS84l"
"457","#PRESUPUESTO2020YA"
"458","@marioponcesv #PRESUPUESTO2020YA"
"459","@norman_quijano @Tita_Batres @GPMElSalvador @AudeliaLopez4 #PRESUPUESTO2020YA"
"460","@AsambleaSV @marioponcesv @NoticieroHechos #PRESUPUESTO2020YA"
"461","#PRESUPUESTO2020YA"
"462","@AsambleaSV @marioponcesv #PRESUPUESTO2020YA"
"463","@marioponcesv #PRESUPUESTO2020YA"
"464","@AsambleaSV @ChinoFloressv @gpfmln @radio102nueve #PRESUPUESTO2020YA"
"465","@nayibbukele #PRESUPUESTO2020YA"
"466","Algo tan importante y básico para nuestra población está en  las manos de las fracciones del @ARENAfraccion y el @gpfmln la población está a la expectativa. #Presupuesto2020Ya #PresupuestoYA 
@waraujo64 @chinchontepec22
@FrankMenendezTX @JohannaCalleja9
@sandracanales82 https://t.co/ttRcEkpwHf"
"467","El presidente no está solo @AsambleaSV hoy nos vemos en la concentración <U+0001F44A> #PRESUPUESTO2020YA #PresupuestoYA"
"468","@cinco_zavala #PRESUPUESTO2020YA  ni un día mas @AsambleaSV  a favor de el pueblo o en contra @ravelpak  pensamiento propio o ganas de joder @rodolfo_parker"
"469","#PRESUPUESTO2020YA"
"470","Señores diputados que se oponen cuantos mas tenemos que pedircelos?
#PRESUPUESTO2020YA https://t.co/ksbULwiEOd"
"471","@nayibbukele #PRESUPUESTO2020YA"
"472","#PRESUPUESTO2020YA @AsambleaSV"
"473","@nayibbukele No hay excusas #PRESUPUESTO2020YA"
"474","Ya no hay excusas para no aprobar el presupuesto.
#Presupuesto2020Ya! https://t.co/CaYMp6QrIB"
"475","#PRESUPUESTO2020YA"
"476","Nosotros lo merecemos, el pueblo se lo merece, VOS que estas leyendo este tuit te lo mereces como ciudadano de este país.
#Presupuesto2020Ya #PresupuestoYA #AprietenElBoton y apoyemos al Presidente @nayibbukele <U+0001F44A> https://t.co/MnjyHYSonU"
"477","#PRESUPUESTO2020YA"
"478","<U+0001F1F8><U+0001F1FB> Hoy es el día, de que los diputados nos demuestren que tienen la capacidad de pensar como nación y dejar de lado los intereses partidarios. Somos una sola nación <U+0001F1F8><U+0001F1FB>

#PRESUPUESTO2020YA https://t.co/2YmloFmkXq"
"479","@AsambleaSV @ravelpak @rodolfo_parker @norman_quijano @ChatoVargasSV  y todas los demás parásitos que se oponen al  presupuesto 2020  ya basta  queremos el presupuesto aprobado este día #PRESUPUESTO2020YA"
"480","Hey @AsambleaSV #AprietenElBoton para aprobar el #Presupuesto2020Ya #PresupuestoYA <U+0001F624><U+0001F9D0>"
"481","No recuerdo otra ocasión que los diputados hayan llorado tanto por no aprobar el presupuesto! <U+0001F624>
#PresupuestoYA #Presupuesto2020Ya #AprieteElBoton"
"482","#PRESUPUESTO2020YA y #DEVUELVANLOROBADO HP"
"483","#PRESUPUESTO2020YA #nayibbukele presupuesto2020 https://t.co/1joxp54Qwc"
"484","@AsambleaSV 

Señores y señoras diputados 

Hoy es el día que tienen que apretar el botón para aprobar el #PRESUPUESTO2020YA 

    #PRESUPUESTO2020YA 

     #PRESUPUESTO2020YA"
"485","#PRESUPUESTO2020YA https://t.co/HkcIfXZ5if"
"486","#PRESUPUESTO2020YA #Presupuesto2020ya https://t.co/5KtZ8eK8vz"
"487","Tengan un poco de decencia y dejen de meterse la daga solos Diputados @AsambleaSV
#PRESUPUESTO2020YA!"
"488","Hoy es el día 
#PRESUPUESTO2020YA 
#PlanControlTerritorial 
Por el bien de todos https://t.co/pI1Da22TT0"
"489","Hoy es el gran dia mi presidente, el pueblo esta listo ya.
#PRESUPUESTO2020YA 
Usted no esta solo https://t.co/vumxypTp3K"
"490","Todo mi apoyo a todos los que se presentaran en la Asamblea para exigir la aprobación del Presupuesto 2020 y apoyo el presupuesto de su gestión Sr Presidente. @nayibbukele 
#PRESUPUESTO2020YA
#HAGAMOSHISTORIA 
@AsambleaSV 
#PRESUPUESTO2020YA https://t.co/Uus8kC0d3t"
"491","#PRESUPUESTO2020YA
@AsambleaSV 
Por el bien del pueblo Salvadoreño."
"492","@waraujo64 @AsambleaSV #PRESUPUESTO2020YA"
"493","@nayibbukele #PRESUPUESTO2020YA <U+0001F64F><U+0001F64F>
<U+0001F1F8><U+0001F1FB><U+0001F1F8><U+0001F1FB><U+0001F1F8><U+0001F1FB><U+0001F1F8><U+0001F1FB><U+0001F1F8><U+0001F1FB><U+0001F1F8><U+0001F1FB><U+0001F1F8><U+0001F1FB><U+0001F1F8><U+0001F1FB><U+0001F1F8><U+0001F1FB><U+0001F1F8><U+0001F1FB><U+0001F1F8><U+0001F1FB>"
"494","@nayibbukele Llegó el dia.. #PRESUPUESTO2020YA"
"495","Aunque no pueda estar en la Asamblea Legislativa solo quiero dejar en claro que comparto sus objetivos

#PRESUPUESTO2020YA
#PRESUPUESTO2020YA"
